Flight,Delay
AF658,0.01492
FZ1740,0.02782
W561,0.04253
B2717,0.12702
FZ7502,0.02288
SV566,0.02015
KC895,0.06094
WY603,0.06966
PK283,0.00153
SG11,0.00772
6E 26,0.04025
6E 63,0.02406
J9121,0.06749
FZ430,0.07507
FZ46,0.01929
FZ24,0.00095
6E8982,0.05987
KC7616,0.06327
J2115,0.09056
